Amanda Lee,(789) 012-3456,hotmail.com
Ashley Young,(234) 567-8901,yahoo.com
Brandon Turner,(901) 234-5678,gmail.com
Brittany Wright,(678) 901-2345,gmail.com
Christopher Martin,(456) 789-0123,outlook.com
Daniel King,(345) 678-9012,hotmail.com
David Taylor,(345) 678-9012,gmail.com
Elizabeth Mitchell,(234) 567-8901,gmail.com
Emily Davis,(567) 890-1234,outlook.com
Emily Smith,(555) 123-4567,gmail.com
Eric Ross,(456) 789-0123,hotmail.com
Full Name,Phone Number,Email Domain
Jacob Campbell,(345) 678-9012,yahoo.com
Jessica Brown,(678) 901-2345,yahoo.com
John Smith,(123) 456-7890,gmail.com
Joshua Hall,(901) 234-5678,outlook.com
Kelly Phillips,(678) 901-2345,outlook.com
Kevin Green,(456) 789-0123,outlook.com
Lauren Baker,(567) 890-1234,gmail.com
Matthew Allen,(567) 890-1234,gmail.com
Megan Roberts,(789) 012-3456,hotmail.com
Michael Johnson,(234) 567-8901,hotmail.com
Rebecca Nelson,(901) 234-5678,yahoo.com
Samantha Evans,(567) 890-1234,yahoo.com
Sarah Jones,(456) 789-0123,yahoo.com
Stephanie Scott,(123) 456-7890,yahoo.com
Thomas Carter,(678) 901-2345,outlook.com
William Perez,(567) 890-1234,yahoo.com
